tick,Population,meanPDmale,meanPDfemale,PDyesMale,PDyesFemale,PDnoMale,PDnoFemale,meanBMImale,meanBMIfemale,bmiGrp1Male,bmiGrp1Female,bmiGrp2Male,bmiGrp2Female,bmiGrp3Male,bmiGrp3Female,bmiGrp4Male,bmiGrp4Female,Male,Female,QuantMale,QuantFemale,HFSSQuantMale,HFSSQuantFemale,SESlowMale,SESmedMale,SEShighMale,HFSSQuantSESLowMale,HFSSQuantSESMedMale,HFSSQuantSESHighMale,SESlowFemale,SESmedFemale,SEShighFemale,HFSSQuantSESLowFemale,HFSSQuantSESMedFemale,HFSSQuantSESHighFemale,countschema1Male,countschema2Male,countschema3Male,countschema4Male,countschema5Male,countschema1Female,countschema2Female,countschema3Female,countschema4Female,countschema5Female
0,100,1.7297297297297305,2.063492063492064,6,11,31,52,27.294561541282086,24.95204521227924,0,3,10,37,17,13,10,10,37,63,75588.58011077924,102762.510630107,15711.452054794518,25885.01369863013,13,19,5,4977.599999999999,8542.369863013699,2191.4821917808217,7,18,38,2986.767123287671,6961.772602739726,15936.473972602738,3424.0,5708.0,2370.0,1080.0,923.0,5877.0,10265.0,3837.0,1819.0,1197.0
365,100,0.9581446087390199,1.0472692297186377,5,5,32,58,27.14498689193237,24.843610776772145,0,3,13,36,16,15,8,9,37,63,74067.38910100845,100234.74450668198,14218.989041095894,23397.657534246577,13,19,5,5553.482191780821,6940.7013698630135,1724.805479452055,7,18,38,1807.9123287671232,5426.4383561643845,16163.306849315073,5180.0,5240.0,418.0,1281.0,1386.0,9148.0,9184.0,245.0,2247.0,2171.0
730,100,0.36070849013661815,0.741188797227461,0,5,37,58,27.044323155427456,24.68915524685238,0,3,13,38,16,14,8,8,37,63,72062.9338265356,95949.80805090282,12136.386301369866,19261.60821917808,13,19,5,4746.75890410959,5978.312328767123,1411.3150684931506,7,18,38,1718.5643835616436,5230.950684931507,12312.093150684934,5731.0,5722.0,391.0,812.0,849.0,10284.0,10031.0,263.0,1195.0,1222.0