tick,Population,meanPDmale,meanPDfemale,PDyesMale,PDyesFemale,PDnoMale,PDnoFemale,meanBMImale,meanBMIfemale,bmiGrp1Male,bmiGrp1Female,bmiGrp2Male,bmiGrp2Female,bmiGrp3Male,bmiGrp3Female,bmiGrp4Male,bmiGrp4Female,Male,Female,QuantMale,QuantFemale,HFSSQuantMale,HFSSQuantFemale,SESlowMale,SESmedMale,SEShighMale,HFSSQuantSESLowMale,HFSSQuantSESMedMale,HFSSQuantSESHighMale,SESlowFemale,SESmedFemale,SEShighFemale,HFSSQuantSESLowFemale,HFSSQuantSESMedFemale,HFSSQuantSESHighFemale,countschema1Male,countschema2Male,countschema3Male,countschema4Male,countschema5Male,countschema1Female,countschema2Female,countschema3Female,countschema4Female,countschema5Female
0,100,1.7297297297297305,2.063492063492064,6,11,31,52,27.294561541282086,24.95204521227924,0,3,10,37,17,13,10,10,37,63,75482.86028088731,102701.86984069039,15686.1698630137,25874.016438356157,13,19,5,5001.1123287671235,8509.717808219179,2175.3397260273973,7,18,38,2982.8657534246577,6984.953424657533,15906.197260273973,3424.0,5708.0,2370.0,1080.0,923.0,5877.0,10265.0,3837.0,1819.0,1197.0
365,100,0.9585426947828913,1.0472692297186377,5,5,32,58,27.31420011527241,24.982864704516892,0,3,11,36,15,13,11,11,37,63,78536.23575228234,109442.9154404212,18728.000000000004,32622.57808219177,13,19,5,7054.564383561643,9284.482191780822,2388.9534246575345,7,18,38,3071.8027397260275,8412.51506849315,21138.260273972595,3860.0,3898.0,1372.0,2156.0,2219.0,6417.0,6464.0,2206.0,4000.0,3908.0
730,100,0.36078716066160166,0.7412075050908714,0,5,37,58,27.357415239351354,25.055372450532577,0,3,10,36,17,14,10,10,37,63,77246.41948048555,106570.23912421126,17256.27671232877,29782.391780821912,13,19,5,6408.616438356164,8728.161643835616,2119.4986301369863,7,18,38,3012.635616438356,8265.87397260274,18503.882191780824,4228.0,4189.0,1437.0,1868.0,1783.0,7044.0,7227.0,2250.0,3144.0,3330.0