tick,Population,meanPDmale,meanPDfemale,PDyesMale,PDyesFemale,PDnoMale,PDnoFemale,meanBMImale,meanBMIfemale,bmiGrp1Male,bmiGrp1Female,bmiGrp2Male,bmiGrp2Female,bmiGrp3Male,bmiGrp3Female,bmiGrp4Male,bmiGrp4Female,Male,Female,QuantMale,QuantFemale,HFSSQuantMale,HFSSQuantFemale,SESlowMale,SESmedMale,SEShighMale,HFSSQuantSESLowMale,HFSSQuantSESMedMale,HFSSQuantSESHighMale,SESlowFemale,SESmedFemale,SEShighFemale,HFSSQuantSESLowFemale,HFSSQuantSESMedFemale,HFSSQuantSESHighFemale,countschema1Male,countschema2Male,countschema3Male,countschema4Male,countschema5Male,countschema1Female,countschema2Female,countschema3Female,countschema4Female,countschema5Female
0,100,1.7297297297297305,2.063492063492064,6,11,31,52,27.294561541282086,24.95204521227924,0,3,10,37,17,13,10,10,37,63,75826.13635476405,102822.55788257023,15761.956164383564,25870.761643835634,13,19,5,5007.975342465753,8554.69589041096,2199.2849315068493,7,18,38,2986.1397260273975,6966.356164383561,15918.265753424655,3424.0,5708.0,2370.0,1080.0,923.0,5877.0,10265.0,3837.0,1819.0,1197.0
365,100,0.9600225731606342,1.0480139542965243,5,5,32,58,27.35686557967322,24.900061356469845,0,3,12,38,16,12,9,10,37,63,74093.37594542775,100226.39916775758,14209.619178082194,23383.835616438355,13,19,5,5559.967123287671,6940.427397260276,1709.2246575342465,7,18,38,1786.635616438356,5412.728767123288,16184.471232876711,5184.0,5244.0,411.0,1282.0,1384.0,9147.0,9183.0,249.0,2245.0,2171.0
730,100,0.3607641966787092,0.7427000189319846,0,5,37,58,27.36011892526725,24.88847518664149,0,3,11,38,16,14,10,8,37,63,71873.21704563717,96060.70696148112,12120.243835616437,19264.05479452055,13,19,5,4746.167123287671,5960.698630136986,1413.3780821917808,7,18,38,1737.0931506849315,5252.610958904109,12274.350684931505,5738.0,5718.0,387.0,815.0,847.0,10282.0,10040.0,261.0,1191.0,1221.0