tick,Population,meanPD,PDyes,PDno,bmiGrp1,bmiGrp2,bmiGrp3,bmiGrp4,Male,Female,QuantMale,QuantFemale,HFSSQuantMale,HFSSQuantFemale,SESlowMale,SESmedMale,SEShighMale,HFSSQuantSESLowMale,HFSSQuantSESMedMale,HFSSQuantSESHighMale,SESlowFemale,SESmedFemale,SEShighFemale,HFSSQuantSESLowFemale,HFSSQuantSESMedFemale,HFSSQuantSESHighFemale,countschema1Male,countschema2Male,countschema3Male,countschema4Male,countschema5Male,countschema1Female,countschema2Female,countschema3Female,countschema4Female,countschema5Female
0,100,1.9400000000000004,17,83,3,47,30,20,37,63,75585.59817955008,102653.85967307693,15691.61369863014,25855.432876712326,13,19,5,4977.827397260274,8520.273972602741,2193.5123287671236,7,18,38,2981.3424657534247,6941.580821917808,15932.509589041096,3424.0,5708.0,2370.0,1080.0,923.0,5877.0,10265.0,3837.0,1819.0,1197.0
365,100,1.8237126996491781,18,82,3,48,29,20,37,63,76016.29427657554,102741.1028773306,15936.106849315072,25636.652054794522,13,19,5,4939.838356164384,8685.391780821918,2310.876712328767,7,18,38,3005.553424657534,6922.873972602741,15708.224657534247,3241.0,6150.0,1945.0,938.0,1231.0,4836.0,12295.0,3239.0,1258.0,1367.0
730,100,1.702917824426782,16,84,3,49,29,19,37,63,75893.46289885772,102449.83888009617,16077.87945205479,25537.734246575346,13,19,5,4953.882191780822,8839.857534246576,2284.139726027397,7,18,38,2990.0383561643835,6926.715068493151,15620.98082191781,3174.0,6154.0,1986.0,929.0,1262.0,4878.0,12325.0,3112.0,1320.0,1360.0