tick,Population,meanPD,PDyes,PDno,bmiGrp1,bmiGrp2,bmiGrp3,bmiGrp4,Male,Female,QuantMale,QuantFemale,HFSSQuantMale,HFSSQuantFemale,SESlowMale,SESmedMale,SEShighMale,HFSSQuantSESLowMale,HFSSQuantSESMedMale,HFSSQuantSESHighMale,SESlowFemale,SESmedFemale,SEShighFemale,HFSSQuantSESLowFemale,HFSSQuantSESMedFemale,HFSSQuantSESHighFemale,countschema1Male,countschema2Male,countschema3Male,countschema4Male,countschema5Male,countschema1Female,countschema2Female,countschema3Female,countschema4Female,countschema5Female
0,100,1.4000000000000004,11,89,2,33,38,27,34,66,72358.52530331591,108401.95975758148,12947.391780821921,25458.4904109589,11,19,4,3649.6739726027404,7752.164383561642,1545.5534246575344,7,21,38,2319.41095890411,7104.386301369863,16034.693150684932,3838.0,5366.0,1829.0,784.0,593.0,7210.0,10257.0,3972.0,1628.0,1023.0
365,100,0.6344312977968075,5,95,2,35,36,27,34,66,71764.55537973638,101496.82463968417,12494.550684931508,18795.150684931505,11,19,4,4321.353424657535,7034.619178082192,1138.5780821917808,7,21,38,3151.6410958904107,6285.745205479453,9357.764383561644,4879.0,5048.0,295.0,1101.0,1087.0,11231.0,10728.0,167.0,1030.0,934.0
730,100,0.3324948681180773,2,98,1,39,30,30,34,66,70361.99326646425,99898.84993704266,10983.764383561644,16882.876712328765,11,19,4,3384.5013698630137,6434.68493150685,1164.5780821917808,7,21,38,2220.180821917808,5637.7945205479455,9024.901369863011,5406.0,5231.0,291.0,741.0,741.0,11618.0,11361.0,175.0,431.0,505.0