tick,Population,meanPDmale,meanPDfemale,PDyesMale,PDyesFemale,PDnoMale,PDnoFemale,meanBMImale,meanBMIfemale,bmiGrp1Male,bmiGrp1Female,bmiGrp2Male,bmiGrp2Female,bmiGrp3Male,bmiGrp3Female,bmiGrp4Male,bmiGrp4Female,Male,Female,QuantMale,QuantFemale,HFSSQuantMale,HFSSQuantFemale,SESlowMale,SESmedMale,SEShighMale,HFSSQuantSESLowMale,HFSSQuantSESMedMale,HFSSQuantSESHighMale,SESlowFemale,SESmedFemale,SEShighFemale,HFSSQuantSESLowFemale,HFSSQuantSESMedFemale,HFSSQuantSESHighFemale,countschema1Male,countschema2Male,countschema3Male,countschema4Male,countschema5Male,countschema1Female,countschema2Female,countschema3Female,countschema4Female,countschema5Female
0,100,1.7297297297297305,2.063492063492064,6,11,31,52,27.294561541282086,24.95204521227924,0,3,10,37,17,13,10,10,37,63,75479.53880798354,102888.13456634597,15754.301369863011,25793.97808219178,13,19,5,5026.405479452054,8541.605479452055,2186.290410958904,7,18,38,2955.8821917808227,6939.687671232877,15898.40821917808,3424.0,5708.0,2370.0,1080.0,923.0,5877.0,10265.0,3837.0,1819.0,1197.0
365,100,0.9581446087390199,1.0472692297186377,5,5,32,58,27.156883348891977,24.850709836525084,0,3,13,36,16,14,8,10,37,63,74607.81973050894,102658.96233927572,14598.610958904113,25584.37260273973,13,19,5,5718.008219178083,7111.068493150683,1769.5342465753424,7,18,38,2050.5863013698627,6098.509589041097,17435.27671232877,5066.0,5131.0,509.0,1373.0,1426.0,8440.0,8601.0,772.0,2594.0,2588.0
730,100,0.36070849013661815,0.7411983375713928,0,5,37,58,27.06879569691455,24.749996965764083,0,3,13,38,16,14,8,8,37,63,72492.48043501176,99477.18346075925,12636.84109589041,22323.967123287668,13,19,5,4905.736986301369,6231.013698630137,1500.0904109589042,7,18,38,2064.2575342465752,6117.104109589041,14142.605479452055,5558.0,5594.0,523.0,884.0,946.0,9299.0,9259.0,906.0,1725.0,1806.0