"sampleno","implausibility"
1,7.73510565417735
2,8.39061717607257
3,10.24143233426
4,11.1871961562113
5,10.7688143072162
6,12.0303040688496
7,12.869292428085
8,12.3557198864363
9,11.6560746349594
10,11.7217058092716
